text,true_label,idx,true_label_text,DistilBERT SST-2_raw_label,DistilBERT SST-2_prediction,DistilBERT SST-2_score,DistilBERT SST-2_latency_seconds,BERT SST-2_raw_label,BERT SST-2_prediction,BERT SST-2_score,BERT SST-2_latency_seconds,RoBERTa Large Sentiment_raw_label,RoBERTa Large Sentiment_prediction,RoBERTa Large Sentiment_score,RoBERTa Large Sentiment_latency_seconds
it confirms fincher 's status as a film maker who artfully bends technical know-how to the service of psychological insight . ,1,794,POSITIVE,POSITIVE,1,0.9993640780448914,0.0063707828521728516,LABEL_1,1,0.9994909763336182,0.011716365814208984,POSITIVE,1,0.9989181756973267,0.01875782012939453
too much of it feels unfocused and underdeveloped . ,0,319,NEGATIVE,NEGATIVE,0,0.9997672438621521,0.005230903625488281,LABEL_0,0,0.9988866448402405,0.011269330978393555,NEGATIVE,0,0.9995050430297852,0.018677234649658203
a great ensemble cast ca n't lift this heartfelt enterprise out of the familiar . ,0,382,NEGATIVE,NEGATIVE,0,0.9969457983970642,0.005125284194946289,LABEL_0,0,0.8128485679626465,0.013010263442993164,NEGATIVE,0,0.9983540773391724,0.01592397689819336
"prurient playthings aside , there 's little to love about this english trifle . ",0,779,NEGATIVE,NEGATIVE,0,0.9994930028915405,0.005053281784057617,LABEL_0,0,0.9982632994651794,0.010969877243041992,NEGATIVE,0,0.9995051622390747,0.015831470489501953
"it moves quickly , adroitly , and without fuss ; it does n't give you time to reflect on the inanity -- and the cold war datedness -- of its premise . ",1,422,POSITIVE,POSITIVE,1,0.6455430388450623,0.005887269973754883,LABEL_0,0,0.8643768429756165,0.011714458465576172,POSITIVE,1,0.9985201954841614,0.022167205810546875
"it proves quite compelling as an intense , brooding character study . ",1,327,POSITIVE,POSITIVE,1,0.9997699856758118,0.005676984786987305,LABEL_1,1,0.9996700286865234,0.011288166046142578,POSITIVE,1,0.9988065958023071,0.01835799217224121
bogdanovich tantalizes by offering a peep show into the lives of the era 's creme de la celluloid . ,1,803,POSITIVE,POSITIVE,1,0.9970809817314148,0.005030632019042969,LABEL_1,1,0.9926952123641968,0.011322975158691406,POSITIVE,1,0.998725950717926,0.016057491302490234
looks and feels like a project better suited for the small screen . ,0,136,NEGATIVE,NEGATIVE,0,0.9987214207649231,0.005242109298706055,LABEL_0,0,0.9966112971305847,0.011118888854980469,NEGATIVE,0,0.9993483424186707,0.015909194946289062
verbinski implements every hack-artist trick to give us the ooky-spookies . ,0,670,NEGATIVE,NEGATIVE,0,0.9320522546768188,0.005644798278808594,LABEL_0,0,0.5786851048469543,0.010915756225585938,NEGATIVE,0,0.9943295121192932,0.015817642211914062
"this is a good script , good dialogue , funny even for adults . ",1,810,POSITIVE,POSITIVE,1,0.9998687505722046,0.005010128021240234,LABEL_1,1,0.9997372031211853,0.011002063751220703,POSITIVE,1,0.9989113807678223,0.01581740379333496
a painfully funny ode to bad behavior . ,1,323,POSITIVE,POSITIVE,1,0.99700528383255,0.0050623416900634766,LABEL_1,1,0.9737250208854675,0.010627985000610352,POSITIVE,1,0.9985514283180237,0.018207073211669922
"there is a fabric of complex ideas here , and feelings that profoundly deepen them . ",1,344,POSITIVE,POSITIVE,1,0.999556839466095,0.005151271820068359,LABEL_1,1,0.9996163845062256,0.01105642318725586,POSITIVE,1,0.9988875985145569,0.01576972007751465
the overall effect is less like a children 's movie than a recruitment film for future hollywood sellouts . ,0,497,NEGATIVE,NEGATIVE,0,0.5274283289909363,0.005738735198974609,LABEL_0,0,0.9893177151679993,0.010904788970947266,NEGATIVE,0,0.9994470477104187,0.0158536434173584
"as the two leads , lathan and diggs are charming and have chemistry both as friends and lovers . ",1,227,POSITIVE,POSITIVE,1,0.9998724460601807,0.005804538726806641,LABEL_1,1,0.9996442794799805,0.010826587677001953,POSITIVE,1,0.9988740086555481,0.015898704528808594
"the title not only describes its main characters , but the lazy people behind the camera as well . ",0,44,NEGATIVE,NEGATIVE,0,0.9955686926841736,0.0054972171783447266,LABEL_0,0,0.9864630103111267,0.010672330856323242,NEGATIVE,0,0.9987258315086365,0.01465606689453125
zhang ... has done an amazing job of getting realistic performances from his mainly nonprofessional cast . ,1,404,POSITIVE,POSITIVE,1,0.999812662601471,0.005456686019897461,LABEL_1,1,0.999661922454834,0.010929107666015625,POSITIVE,1,0.9988614320755005,0.01490163803100586
"not only is undercover brother as funny , if not more so , than both austin powers films , but it 's also one of the smarter , savvier spoofs to come along in some time . ",1,210,POSITIVE,POSITIVE,1,0.9995075464248657,0.00600123405456543,LABEL_1,1,0.9996271133422852,0.012355804443359375,POSITIVE,1,0.998856782913208,0.017237186431884766
"beautifully observed , miraculously unsentimental comedy-drama . ",1,428,POSITIVE,POSITIVE,1,0.999866247177124,0.005072116851806641,LABEL_1,1,0.9996857643127441,0.014477014541625977,POSITIVE,1,0.9988844990730286,0.015287399291992188
"the last 20 minutes are somewhat redeeming , but most of the movie is the same teenage american road-trip drek we 've seen before - only this time you have to read the fart jokes ",0,444,NEGATIVE,NEGATIVE,0,0.9776001572608948,0.005857944488525391,LABEL_0,0,0.9887757301330566,0.014356613159179688,NEGATIVE,0,0.9995083808898926,0.017412900924682617
if you dig on david mamet 's mind tricks ... rent this movie and enjoy ! ,1,174,POSITIVE,POSITIVE,1,0.9996410608291626,0.004646778106689453,LABEL_1,1,0.9992565512657166,0.011365175247192383,POSITIVE,1,0.9988369345664978,0.0150299072265625
"for all its impressive craftsmanship , and despite an overbearing series of third-act crescendos , lily chou-chou never really builds up a head of emotional steam . ",0,70,NEGATIVE,NEGATIVE,0,0.9958400726318359,0.0057010650634765625,LABEL_0,0,0.9933720827102661,0.012985944747924805,NEGATIVE,0,0.9990314245223999,0.017290592193603516
"yes , dull . ",0,462,NEGATIVE,NEGATIVE,0,0.9997065663337708,0.0046236515045166016,LABEL_0,0,0.9991382360458374,0.013503789901733398,NEGATIVE,0,0.9991531372070312,0.015909433364868164
"shaky close-ups of turkey-on-rolls , stubbly chins , liver spots , red noses and the filmmakers new bobbed do draw easy chuckles but lead nowhere . ",0,465,NEGATIVE,NEGATIVE,0,0.9952941536903381,0.005718708038330078,LABEL_0,0,0.9988046884536743,0.014133214950561523,NEGATIVE,0,0.9994953870773315,0.017986774444580078
the second coming of harry potter is a film far superior to its predecessor . ,1,309,POSITIVE,POSITIVE,1,0.9998064637184143,0.0048351287841796875,LABEL_1,1,0.9992762207984924,0.014041900634765625,POSITIVE,1,0.9987480640411377,0.015088796615600586
"if you 're hard up for raunchy college humor , this is your ticket right here . ",1,66,POSITIVE,POSITIVE,1,0.8316643834114075,0.004833221435546875,LABEL_1,1,0.9935153722763062,0.013716936111450195,POSITIVE,1,0.9985777139663696,0.014822006225585938
"nonsensical , dull `` cyber-horror '' flick is a grim , hollow exercise in flat scares and bad acting . ",0,598,NEGATIVE,NEGATIVE,0,0.999818742275238,0.0049555301666259766,LABEL_0,0,0.9993512034416199,0.01162409782409668,NEGATIVE,0,0.999505877494812,0.015163898468017578
"a delectable and intriguing thriller filled with surprises , read my lips is an original . ",1,23,POSITIVE,POSITIVE,1,0.9998834133148193,0.004621744155883789,LABEL_1,1,0.9997273087501526,0.012406349182128906,POSITIVE,1,0.9987983703613281,0.015439271926879883
"thanks to scott 's charismatic roger and eisenberg 's sweet nephew , roger dodger is one of the most compelling variations on in the company of men . ",1,30,POSITIVE,POSITIVE,1,0.9998767375946045,0.0056231021881103516,LABEL_1,1,0.9996544122695923,0.01243138313293457,POSITIVE,1,0.9988216757774353,0.016701698303222656
there 's no emotional pulse to solaris . ,0,542,NEGATIVE,NEGATIVE,0,0.999314546585083,0.005369901657104492,LABEL_0,0,0.989733874797821,0.0159151554107666,NEGATIVE,0,0.9994868040084839,0.015650033950805664
"a fast , funny , highly enjoyable movie . ",1,67,POSITIVE,POSITIVE,1,0.9998911619186401,0.007537364959716797,LABEL_1,1,0.9997653365135193,0.013081789016723633,POSITIVE,1,0.9989100694656372,0.01664423942565918
"too restrained to be a freak show , too mercenary and obvious to be cerebral , too dull and pretentious to be engaging ... the isle defies an easy categorization . ",0,722,NEGATIVE,NEGATIVE,0,0.999313235282898,0.008721590042114258,LABEL_0,0,0.9941800832748413,0.012046337127685547,NEGATIVE,0,0.9994440674781799,0.01650691032409668
an unwise amalgam of broadcast news and vibes . ,0,328,NEGATIVE,NEGATIVE,0,0.9884937405586243,0.008737325668334961,LABEL_0,0,0.9989684820175171,0.011204957962036133,NEGATIVE,0,0.9994275569915771,0.015489816665649414
"a pleasant enough romance with intellectual underpinnings , the kind of movie that entertains even as it turns maddeningly predictable . ",1,333,POSITIVE,POSITIVE,1,0.9984666109085083,0.008814811706542969,LABEL_1,1,0.9992990493774414,0.01062774658203125,POSITIVE,1,0.766348659992218,0.014495611190795898
"it 's not original , and , robbed of the element of surprise , it does n't have any huge laughs in its story of irresponsible cops who love to play pranks . ",0,797,NEGATIVE,NEGATIVE,0,0.9997898936271667,0.006357431411743164,LABEL_0,0,0.9990448355674744,0.010482072830200195,NEGATIVE,0,0.9995032548904419,0.01713848114013672
it 's hard to imagine alan arkin being better than he is in this performance . ,1,753,POSITIVE,POSITIVE,1,0.9917047023773193,0.0049402713775634766,LABEL_1,1,0.9889077544212341,0.010659217834472656,POSITIVE,1,0.9988865256309509,0.014892101287841797
"dazzles with its fully-written characters , its determined stylishness ( which always relates to characters and story ) and johnny dankworth 's best soundtrack in years . ",1,244,POSITIVE,POSITIVE,1,0.9998823404312134,0.005794525146484375,LABEL_1,1,0.9997511506080627,0.010806083679199219,POSITIVE,1,0.9989184141159058,0.01775527000427246
"fun , flip and terribly hip bit of cinematic entertainment . ",1,300,POSITIVE,POSITIVE,1,0.9998618364334106,0.005320310592651367,LABEL_1,1,0.9997411370277405,0.010660648345947266,NEGATIVE,0,0.9984806180000305,0.015709638595581055
the movie fails to live up to the sum of its parts . ,0,76,NEGATIVE,NEGATIVE,0,0.9997559189796448,0.00496363639831543,LABEL_0,0,0.9989385008811951,0.010657787322998047,NEGATIVE,0,0.999495267868042,0.015794992446899414
one of the more intelligent children 's movies to hit theaters this year . ,1,250,POSITIVE,POSITIVE,1,0.999734103679657,0.004754543304443359,LABEL_1,1,0.9996634721755981,0.010612010955810547,POSITIVE,1,0.9987807869911194,0.015244483947753906
corpus collosum -- while undeniably interesting -- wore out its welcome well before the end credits rolled about 45 minutes in . ,0,713,NEGATIVE,NEGATIVE,0,0.9991082549095154,0.0061168670654296875,LABEL_0,0,0.9940904974937439,0.010568380355834961,NEGATIVE,0,0.9994989633560181,0.014899730682373047
the performances take the movie to a higher level . ,1,611,POSITIVE,POSITIVE,1,0.9989270567893982,0.005251646041870117,LABEL_1,1,0.9995841383934021,0.013505697250366211,POSITIVE,1,0.9988757967948914,0.016080379486083984
"one of those pictures whose promising , if rather precious , premise is undercut by amateurish execution . ",0,585,NEGATIVE,NEGATIVE,0,0.9997910857200623,0.0053751468658447266,LABEL_0,0,0.9984679818153381,0.011815547943115234,NEGATIVE,0,0.9995008707046509,0.01553964614868164
a compelling spanish film about the withering effects of jealousy in the life of a young monarch whose sexual passion for her husband becomes an obsession . ,1,768,POSITIVE,POSITIVE,1,0.999530553817749,0.005390167236328125,LABEL_1,1,0.9993475079536438,0.012712240219116211,POSITIVE,1,0.9988095760345459,0.01597285270690918
uses high comedy to evoke surprising poignance . ,1,72,POSITIVE,POSITIVE,1,0.9996333122253418,0.005779266357421875,LABEL_1,1,0.9995166063308716,0.010923147201538086,POSITIVE,1,0.9988484382629395,0.01643514633178711
it has all the excitement of eating oatmeal . ,0,527,NEGATIVE,NEGATIVE,0,0.5353549122810364,0.005682229995727539,LABEL_1,1,0.8290968537330627,0.01083064079284668,NEGATIVE,0,0.999424934387207,0.017323970794677734
"feature debuter d.j. caruso directs a crack ensemble cast , bringing screenwriter tony gayton 's narcotics noir to life . ",1,567,POSITIVE,POSITIVE,1,0.9997754693031311,0.005649566650390625,LABEL_1,1,0.9991625547409058,0.010785818099975586,POSITIVE,1,0.9988351464271545,0.015819549560546875
"the old-world - meets-new mesh is incarnated in the movie 's soundtrack , a joyful effusion of disco bollywood that , by the end of monsoon wedding , sent my spirit soaring out of the theater . ",1,294,POSITIVE,POSITIVE,1,0.9994418025016785,0.0057146549224853516,LABEL_1,1,0.999550998210907,0.011022329330444336,POSITIVE,1,0.9988763928413391,0.016891002655029297
"an important movie , a reminder of the power of film to move us and to make us examine our values . ",1,640,POSITIVE,POSITIVE,1,0.999866247177124,0.005400896072387695,LABEL_1,1,0.9997406601905823,0.010688543319702148,POSITIVE,1,0.998906135559082,0.015559673309326172
it 's a bit disappointing that it only manages to be decent instead of dead brilliant . ,0,526,NEGATIVE,NEGATIVE,0,0.9993784427642822,0.004763364791870117,LABEL_0,0,0.9962536096572876,0.010792255401611328,POSITIVE,1,0.9971885085105896,0.015497684478759766
it 's not the ultimate depression-era gangster movie . ,0,139,NEGATIVE,NEGATIVE,0,0.9996045231819153,0.0053768157958984375,LABEL_0,0,0.9976723790168762,0.011411190032958984,NEGATIVE,0,0.9957797527313232,0.0161898136138916
"it has the charm of the original american road movies , feasting on the gorgeous , ramshackle landscape of the filmmaker 's motherland . ",1,820,POSITIVE,POSITIVE,1,0.9998781681060791,0.005806922912597656,LABEL_1,1,0.9994903802871704,0.01144099235534668,POSITIVE,1,0.9987710118293762,0.016637563705444336
"the vitality of the actors keeps the intensity of the film high , even as the strafings blend together . ",1,680,POSITIVE,POSITIVE,1,0.9994937181472778,0.0052416324615478516,LABEL_1,1,0.9996292591094971,0.01114654541015625,POSITIVE,1,0.9987749457359314,0.021962881088256836
"the movie is n't just hilarious : it 's witty and inventive , too , and in hindsight , it is n't even all that dumb . ",1,678,POSITIVE,POSITIVE,1,0.9995887875556946,0.00572657585144043,LABEL_1,1,0.9996465444564819,0.011226654052734375,POSITIVE,1,0.9988995790481567,0.018336057662963867
"it 's difficult to imagine the process that produced such a script , but here 's guessing that spray cheese and underarm noises played a crucial role . ",0,96,NEGATIVE,NEGATIVE,0,0.9975787997245789,0.005094766616821289,LABEL_0,0,0.9885514974594116,0.010976076126098633,NEGATIVE,0,0.9967273473739624,0.016510009765625
"while locals will get a kick out of spotting cleveland sites , the rest of the world will enjoy a fast-paced comedy with quirks that might make the award-winning coen brothers envious . ",1,644,POSITIVE,POSITIVE,1,0.9996129870414734,0.0048220157623291016,LABEL_1,1,0.9996457099914551,0.010895252227783203,POSITIVE,1,0.998828113079071,0.017496347427368164
broomfield turns his distinctive ` blundering ' style into something that could really help clear up the case . ,1,332,POSITIVE,POSITIVE,1,0.9728389382362366,0.004965066909790039,LABEL_1,1,0.9737139344215393,0.011177539825439453,POSITIVE,1,0.9988051652908325,0.01532435417175293
oh come on . ,0,449,NEGATIVE,POSITIVE,1,0.9850854873657227,0.004689931869506836,LABEL_0,0,0.8133757710456848,0.010347604751586914,NEGATIVE,0,0.993893027305603,0.018145322799682617
"awesome creatures , breathtaking scenery , and epic battle scenes add up to another ` spectacular spectacle . ' ",1,316,POSITIVE,POSITIVE,1,0.9998847246170044,0.0048487186431884766,LABEL_1,1,0.9996422529220581,0.01382136344909668,POSITIVE,1,0.9988769888877869,0.015286445617675781
"paid in full is so stale , in fact , that its most vibrant scene is one that uses clips from brian de palma 's scarface . ",0,265,NEGATIVE,NEGATIVE,0,0.9997115731239319,0.005101203918457031,LABEL_0,0,0.9983686804771423,0.01570296287536621,NEGATIVE,0,0.9994908571243286,0.025261640548706055
"warm water under a red bridge is a quirky and poignant japanese film that explores the fascinating connections between women , water , nature , and sexuality . ",1,120,POSITIVE,POSITIVE,1,0.9998489618301392,0.004866838455200195,LABEL_1,1,0.9995490908622742,0.012645721435546875,POSITIVE,1,0.9989022016525269,0.023069143295288086
the wild thornberrys movie is a jolly surprise . ,1,302,POSITIVE,POSITIVE,1,0.9998781681060791,0.00495457649230957,LABEL_1,1,0.9994314312934875,0.01385045051574707,POSITIVE,1,0.998722493648529,0.018923521041870117
"the film flat lines when it should peak and is more missed opportunity and trifle than dark , decadent truffle . ",0,86,NEGATIVE,NEGATIVE,0,0.9996635913848877,0.005062103271484375,LABEL_0,0,0.9976723790168762,0.015006303787231445,NEGATIVE,0,0.9995037317276001,0.016602277755737305
"for the first time in years , de niro digs deep emotionally , perhaps because he 's been stirred by the powerful work of his co-stars . ",1,696,POSITIVE,POSITIVE,1,0.999091386795044,0.004988431930541992,LABEL_1,1,0.9994404911994934,0.015513420104980469,POSITIVE,1,0.998768150806427,0.015673398971557617
"escaping the studio , piccoli is warmly affecting and so is this adroitly minimalist movie . ",1,39,POSITIVE,POSITIVE,1,0.9997716546058655,0.004990100860595703,LABEL_1,1,0.9995263814926147,0.015726089477539062,POSITIVE,1,0.9988663196563721,0.015516996383666992
"a moody , multi-dimensional love story and sci-fi mystery , solaris is a thought-provoking , haunting film that allows the seeds of the imagination to germinate . ",1,450,POSITIVE,POSITIVE,1,0.9998278617858887,0.0053479671478271484,LABEL_1,1,0.9997459053993225,0.0145721435546875,POSITIVE,1,0.9989192485809326,0.016783952713012695
"a celebration of quirkiness , eccentricity , and certain individuals ' tendency to let it all hang out , and damn the consequences . ",1,192,POSITIVE,POSITIVE,1,0.9809228777885437,0.0050847530364990234,LABEL_1,1,0.9538804888725281,0.012749195098876953,POSITIVE,1,0.9988310933113098,0.015445232391357422
"harris commands the screen , using his frailty to suggest the ravages of a life of corruption and ruthlessness . ",1,634,POSITIVE,POSITIVE,1,0.9995723366737366,0.0050203800201416016,LABEL_1,1,0.9988904595375061,0.012722969055175781,POSITIVE,1,0.9988840222358704,0.014672517776489258
"it does nothing new with the old story , except to show fisticuffs in this sort of stop-go slow motion that makes the gang rumbles look like they 're being streamed over a 28k modem . ",0,568,NEGATIVE,NEGATIVE,0,0.9969381093978882,0.004914283752441406,LABEL_0,0,0.9974217414855957,0.013155221939086914,NEGATIVE,0,0.9994920492172241,0.017797470092773438
"martin and barbara are complex characters -- sometimes tender , sometimes angry -- and the delicate performances by sven wollter and viveka seldahl make their hopes and frustrations vivid . ",1,231,POSITIVE,POSITIVE,1,0.999826967716217,0.004788637161254883,LABEL_1,1,0.999690055847168,0.012732267379760742,POSITIVE,1,0.998875081539154,0.01782822608947754
"as a first-time director , paxton has tapped something in himself as an actor that provides frailty with its dark soul . ",1,362,POSITIVE,POSITIVE,1,0.998489260673523,0.004706621170043945,LABEL_1,1,0.9990254640579224,0.019108295440673828,POSITIVE,1,0.998885452747345,0.016129493713378906
"the result is a gaudy bag of stale candy , something from a halloween that died . ",0,761,NEGATIVE,NEGATIVE,0,0.9997696280479431,0.004836320877075195,LABEL_0,0,0.9988303780555725,0.01808643341064453,NEGATIVE,0,0.9994914531707764,0.015418291091918945
it is great summer fun to watch arnold and his buddy gerald bounce off a quirky cast of characters . ,1,314,POSITIVE,POSITIVE,1,0.999879002571106,0.004985332489013672,LABEL_1,1,0.9996670484542847,0.02035689353942871,POSITIVE,1,0.9989223480224609,0.01609635353088379
"the best revenge may just be living well because this film , unlike other dumas adaptations , is far more likened to a treasure than a lengthy jail sentence . ",1,215,POSITIVE,POSITIVE,1,0.9931612014770508,0.0047321319580078125,LABEL_1,1,0.9979491829872131,0.015998363494873047,POSITIVE,1,0.9987573623657227,0.01674938201904297
"sticky sweet sentimentality , clumsy plotting and a rosily myopic view of life in the wwii-era mississippi delta undermine this adaptation . ",0,456,NEGATIVE,NEGATIVE,0,0.9953475594520569,0.005158662796020508,LABEL_0,0,0.9978506565093994,0.01488494873046875,NEGATIVE,0,0.9994811415672302,0.01712203025817871
"even if you do n't think ( kissinger 's ) any more guilty of criminal activity than most contemporary statesmen , he 'd sure make a courtroom trial great fun to watch . ",1,483,POSITIVE,POSITIVE,1,0.9997914433479309,0.0047681331634521484,LABEL_1,1,0.9987584352493286,0.014104127883911133,POSITIVE,1,0.9977914094924927,0.017613887786865234
"forced , familiar and thoroughly condescending . ",0,137,NEGATIVE,NEGATIVE,0,0.9997555613517761,0.0044460296630859375,LABEL_0,0,0.9991033673286438,0.013187885284423828,NEGATIVE,0,0.9994727969169617,0.01599884033203125
"this is a winning ensemble comedy that shows canadians can put gentle laughs and equally gentle sentiments on the button , just as easily as their counterparts anywhere else in the world . ",1,198,POSITIVE,POSITIVE,1,0.9998760223388672,0.005035877227783203,LABEL_1,1,0.9997482895851135,0.014560222625732422,POSITIVE,1,0.9989132881164551,0.01809978485107422
"scores no points for originality , wit , or intelligence . ",0,110,NEGATIVE,NEGATIVE,0,0.999683141708374,0.006989479064941406,LABEL_0,0,0.9971875548362732,0.01596856117248535,NEGATIVE,0,0.99947589635849,0.0167083740234375
"an entertaining , colorful , action-filled crime story with an intimate heart . ",1,275,POSITIVE,POSITIVE,1,0.9998856782913208,0.0053234100341796875,LABEL_1,1,0.9997791647911072,0.016117572784423828,POSITIVE,1,0.9989073276519775,0.014379262924194336
manages to be sweet and wickedly satisfying at the same time . ,1,168,POSITIVE,POSITIVE,1,0.9998869895935059,0.0051174163818359375,LABEL_1,1,0.998422384262085,0.014240741729736328,POSITIVE,1,0.9988383650779724,0.015017986297607422
i got a headache watching this meaningless downer . ,0,591,NEGATIVE,NEGATIVE,0,0.9997872710227966,0.005040645599365234,LABEL_0,0,0.9991154074668884,0.013946771621704102,NEGATIVE,0,0.9994868040084839,0.016112565994262695
it 's a stunning lyrical work of considerable force and truth . ,1,479,POSITIVE,POSITIVE,1,0.9998794794082642,0.0051097869873046875,LABEL_1,1,0.9997381567955017,0.01600790023803711,POSITIVE,1,0.9988604784011841,0.014870643615722656
"i 've always dreamed of attending cannes , but after seeing this film , it 's not that big a deal . ",0,548,NEGATIVE,NEGATIVE,0,0.9974736571311951,0.004850625991821289,LABEL_0,0,0.9020344018936157,0.013956308364868164,POSITIVE,1,0.9986567497253418,0.014955282211303711
"so much facile technique , such cute ideas , so little movie . ",1,656,POSITIVE,NEGATIVE,0,0.9740116596221924,0.005082130432128906,LABEL_0,0,0.994114100933075,0.013862848281860352,NEGATIVE,0,0.9994671940803528,0.015077590942382812
"the movie is dawn of the dead crossed with john carpenter 's ghosts of mars , with zombies not as ghoulish as the first and trains not as big as the second . ",0,819,NEGATIVE,NEGATIVE,0,0.9872542023658752,0.005046844482421875,LABEL_0,0,0.9905828237533569,0.014632463455200195,NEGATIVE,0,0.9914686679840088,0.0161740779876709
just not campy enough ,0,578,NEGATIVE,NEGATIVE,0,0.9985822439193726,0.004805564880371094,LABEL_0,0,0.9984495639801025,0.013409852981567383,NEGATIVE,0,0.997372031211853,0.01618337631225586
when leguizamo finally plugged an irritating character late in the movie . ,0,388,NEGATIVE,NEGATIVE,0,0.9992913007736206,0.00507044792175293,LABEL_0,0,0.9946491122245789,0.014077186584472656,NEGATIVE,0,0.9994252920150757,0.01524209976196289
"visually imaginative , thematically instructive and thoroughly delightful , it takes us on a roller-coaster ride from innocence to experience without even a hint of that typical kiddie-flick sentimentality . ",1,857,POSITIVE,POSITIVE,1,0.9997208714485168,0.005035400390625,LABEL_1,1,0.9996658563613892,0.01394343376159668,POSITIVE,1,0.9989323019981384,0.017237424850463867
"( e ) ventually , every idea in this film is flushed down the latrine of heroism . ",0,487,NEGATIVE,NEGATIVE,0,0.9977021813392639,0.005206108093261719,LABEL_0,0,0.9945177435874939,0.013466358184814453,NEGATIVE,0,0.9994847774505615,0.016160011291503906
the story and structure are well-honed . ,1,306,POSITIVE,POSITIVE,1,0.9998040795326233,0.005011320114135742,LABEL_1,1,0.9993435740470886,0.014344215393066406,POSITIVE,1,0.9987917542457581,0.016023874282836914
"for close to two hours the audience is forced to endure three terminally depressed , mostly inarticulate , hyper dysfunctional families for the price of one . ",0,529,NEGATIVE,NEGATIVE,0,0.9995933175086975,0.0048716068267822266,LABEL_0,0,0.9977940320968628,0.01635575294494629,NEGATIVE,0,0.9994378685951233,0.01625823974609375
a rarity among recent iranian films : it 's a comedy full of gentle humor that chides the absurdity of its protagonist 's plight . ,1,259,POSITIVE,POSITIVE,1,0.9997153878211975,0.00501561164855957,LABEL_1,1,0.999470055103302,0.015405416488647461,POSITIVE,1,0.9989114999771118,0.01571202278137207
"/ but daphne , you 're too buff / fred thinks he 's tough / and velma - wow , you 've lost weight ! ",0,260,NEGATIVE,NEGATIVE,0,0.999314546585083,0.004729509353637695,LABEL_0,0,0.9572675228118896,0.015444040298461914,POSITIVE,1,0.990321695804596,0.017513751983642578
"`` mostly martha '' is a bright , light modern day family parable that wears its heart on its sleeve for all to see . ",1,533,POSITIVE,POSITIVE,1,0.9996877908706665,0.004753589630126953,LABEL_1,1,0.9995885491371155,0.011641979217529297,POSITIVE,1,0.9988547563552856,0.01538991928100586
a bloated gasbag thesis grotesquely impressed by its own gargantuan aura of self-importance ... ,0,704,NEGATIVE,POSITIVE,1,0.8487021923065186,0.0047719478607177734,LABEL_0,0,0.9965004920959473,0.011153697967529297,NEGATIVE,0,0.9994852542877197,0.014941692352294922
"too slow , too long and too little happens . ",0,650,NEGATIVE,NEGATIVE,0,0.9994574189186096,0.005056619644165039,LABEL_0,0,0.9980822801589966,0.011456489562988281,NEGATIVE,0,0.999505877494812,0.0163424015045166
"not only are the special effects and narrative flow much improved , and daniel radcliffe more emotionally assertive this time around as harry , but the film conjures the magic of author j.k. rowling 's books . ",1,451,POSITIVE,POSITIVE,1,0.9996862411499023,0.004845857620239258,LABEL_1,1,0.9996812343597412,0.010694265365600586,POSITIVE,1,0.9988970756530762,0.017395973205566406
has all the depth of a wading pool . ,0,867,NEGATIVE,NEGATIVE,0,0.981376588344574,0.004691600799560547,LABEL_0,0,0.814512312412262,0.011914730072021484,NEGATIVE,0,0.9984825253486633,0.015651226043701172
"even in its most tedious scenes , russian ark is mesmerizing . ",1,445,POSITIVE,POSITIVE,1,0.9992427825927734,0.0048139095306396484,LABEL_1,1,0.9994949102401733,0.011716842651367188,POSITIVE,1,0.9987568855285645,0.014786005020141602
"on this tricky topic , tadpole is very much a step in the right direction , with its blend of frankness , civility and compassion . ",1,63,POSITIVE,POSITIVE,1,0.9997650980949402,0.004387855529785156,LABEL_1,1,0.9995843768119812,0.012613773345947266,POSITIVE,1,0.9988961219787598,0.014744758605957031
candid and comfortable ; a film that deftly balances action and reflection as it lets you grasp and feel the passion others have for their work . ,1,825,POSITIVE,POSITIVE,1,0.9998539686203003,0.004873037338256836,LABEL_1,1,0.9997096657752991,0.013431072235107422,POSITIVE,1,0.9989297986030579,0.014825820922851562
"this is human comedy at its most amusing , interesting and confirming . ",1,718,POSITIVE,POSITIVE,1,0.9998282194137573,0.005173444747924805,LABEL_1,1,0.99958735704422,0.013676166534423828,POSITIVE,1,0.9989073276519775,0.015246152877807617
"in an effort , i suspect , not to offend by appearing either too serious or too lighthearted , it offends by just being wishy-washy . ",0,342,NEGATIVE,NEGATIVE,0,0.9976773858070374,0.004724979400634766,LABEL_0,0,0.9956811666488647,0.011975288391113281,NEGATIVE,0,0.9994843006134033,0.016650676727294922
you wonder why enough was n't just a music video rather than a full-length movie . ,0,65,NEGATIVE,NEGATIVE,0,0.9982241988182068,0.0047490596771240234,LABEL_0,0,0.9961857199668884,0.009685039520263672,NEGATIVE,0,0.9965655207633972,0.01552891731262207
"this is not the undisputed worst boxing movie ever , but it 's certainly not a champion - the big loser is the audience . ",0,209,NEGATIVE,NEGATIVE,0,0.9964085221290588,0.005110502243041992,LABEL_0,0,0.9983417987823486,0.009885072708129883,NEGATIVE,0,0.9994972944259644,0.015573501586914062
"... a fun little timewaster , helped especially by the cool presence of jean reno . ",1,755,POSITIVE,POSITIVE,1,0.9998480081558228,0.004514455795288086,LABEL_1,1,0.9997311234474182,0.009613275527954102,POSITIVE,1,0.9988355040550232,0.014928102493286133
"mcconaughey 's fun to watch , the dragons are okay , not much fire in the script . ",1,865,POSITIVE,POSITIVE,1,0.7077831625938416,0.004873991012573242,LABEL_1,1,0.9989424347877502,0.009931564331054688,NEGATIVE,0,0.997875452041626,0.01515650749206543
"there is nothing outstanding about this film , but it is good enough and will likely be appreciated most by sailors and folks who know their way around a submarine . ",1,78,POSITIVE,POSITIVE,1,0.9998239874839783,0.004655361175537109,LABEL_1,1,0.9976933598518372,0.009978055953979492,POSITIVE,1,0.99853515625,0.01604008674621582
"care deftly captures the wonder and menace of growing up , but he never really embraces the joy of fuhrman 's destructive escapism or the grace-in-rebellion found by his characters . ",0,513,NEGATIVE,NEGATIVE,0,0.8949095010757446,0.00452733039855957,LABEL_0,0,0.9827306866645813,0.01081228256225586,NEGATIVE,0,0.999478280544281,0.017925024032592773
"less dizzying than just dizzy , the jaunt is practically over before it begins . ",0,710,NEGATIVE,NEGATIVE,0,0.992305338382721,0.004486799240112305,LABEL_0,0,0.8617557287216187,0.009106874465942383,NEGATIVE,0,0.998997151851654,0.015178203582763672
a coarse and stupid gross-out . ,0,549,NEGATIVE,NEGATIVE,0,0.9998090863227844,0.004784584045410156,LABEL_0,0,0.9993293285369873,0.008596658706665039,NEGATIVE,0,0.9994284510612488,0.01626420021057129
serving sara does n't serve up a whole lot of laughs . ,0,298,NEGATIVE,NEGATIVE,0,0.9997041821479797,0.004500865936279297,LABEL_0,0,0.9990049004554749,0.009708404541015625,NEGATIVE,0,0.9994785189628601,0.017394065856933594
"writer/director joe carnahan 's grimy crime drama is a manual of precinct cliches , but it moves fast enough to cover its clunky dialogue and lapses in logic . ",1,760,POSITIVE,NEGATIVE,0,0.9431853294372559,0.0049741268157958984,LABEL_1,1,0.7445268630981445,0.008906126022338867,POSITIVE,1,0.9979621171951294,0.0220792293548584
"this is an egotistical endeavor from the daughter of horror director dario argento ( a producer here ) , but her raw performance and utter fearlessness make it strangely magnetic . ",1,514,POSITIVE,POSITIVE,1,0.9996110796928406,0.005742311477661133,LABEL_1,1,0.9995599389076233,0.008613348007202148,POSITIVE,1,0.9987087249755859,0.018065214157104492
the movie does a good job of laying out some of the major issues that we encounter as we journey through life . ,1,783,POSITIVE,POSITIVE,1,0.9996684789657593,0.005333900451660156,LABEL_1,1,0.9993712306022644,0.009296894073486328,POSITIVE,1,0.9988399147987366,0.015726327896118164
a hamfisted romantic comedy that makes our girl the hapless facilitator of an extended cheap shot across the mason-dixon line . ,0,584,NEGATIVE,NEGATIVE,0,0.9974529147148132,0.005152702331542969,LABEL_0,0,0.9941206574440002,0.009576559066772461,NEGATIVE,0,0.9994827508926392,0.01545858383178711
"sustains its dreamlike glide through a succession of cheesy coincidences and voluptuous cheap effects , not the least of which is rebecca romijn-stamos . ",0,692,NEGATIVE,POSITIVE,1,0.9440357089042664,0.004845380783081055,LABEL_0,0,0.9890910983085632,0.009954690933227539,POSITIVE,1,0.9920514822006226,0.016886234283447266
it inspires a continuing and deeply satisfying awareness of the best movies as monumental ` picture shows . ' ,1,457,POSITIVE,POSITIVE,1,0.9998775720596313,0.004790782928466797,LABEL_1,1,0.9997721314430237,0.009919166564941406,POSITIVE,1,0.9988784193992615,0.016002178192138672
nothing is sacred in this gut-buster . ,0,377,NEGATIVE,NEGATIVE,0,0.9990690350532532,0.0042536258697509766,LABEL_0,0,0.9798240661621094,0.009516477584838867,POSITIVE,1,0.9980928301811218,0.016712427139282227
it 's hampered by a lifetime-channel kind of plot and a lead actress who is out of her depth . ,0,49,NEGATIVE,NEGATIVE,0,0.9997772574424744,0.004707813262939453,LABEL_0,0,0.9991567134857178,0.008890867233276367,NEGATIVE,0,0.9994909763336182,0.01633739471435547
"and the lesson , in the end , is nothing new . ",0,208,NEGATIVE,NEGATIVE,0,0.9997264742851257,0.0049517154693603516,LABEL_0,0,0.9982239603996277,0.008370161056518555,NEGATIVE,0,0.9994899034500122,0.016747713088989258
"aside from minor tinkering , this is the same movie you probably loved in 1994 , except that it looks even better . ",1,785,POSITIVE,POSITIVE,1,0.9959178566932678,0.004716634750366211,LABEL_1,1,0.9711166024208069,0.008728504180908203,POSITIVE,1,0.9983518123626709,0.027482032775878906
brilliantly explores the conflict between following one 's heart and following the demands of tradition . ,1,239,POSITIVE,POSITIVE,1,0.9998552799224854,0.004584312438964844,LABEL_1,1,0.9996695518493652,0.00841522216796875,POSITIVE,1,0.99882572889328,0.021434307098388672
a rigorously structured and exquisitely filmed drama about a father and son connection that is a brief shooting star of love . ,1,717,POSITIVE,POSITIVE,1,0.9998792409896851,0.004597663879394531,LABEL_1,1,0.9997254014015198,0.008123397827148438,POSITIVE,1,0.9988817572593689,0.01578831672668457
"it can not be enjoyed , even on the level that one enjoys a bad slasher flick , primarily because it is dull . ",0,581,NEGATIVE,NEGATIVE,0,0.9997900128364563,0.0047054290771484375,LABEL_0,0,0.9992794394493103,0.008713245391845703,NEGATIVE,0,0.9995036125183105,0.014787673950195312
a taut psychological thriller that does n't waste a moment of its two-hour running time . ,1,630,POSITIVE,POSITIVE,1,0.9987382292747498,0.00453639030456543,LABEL_1,1,0.9995806813240051,0.00832676887512207,POSITIVE,1,0.9989004135131836,0.015448331832885742
"a study in shades of gray , offering itself up in subtle plot maneuvers ... ",1,684,POSITIVE,POSITIVE,1,0.9888730645179749,0.004495382308959961,LABEL_1,1,0.9839612245559692,0.008758068084716797,POSITIVE,1,0.9975467324256897,0.01529693603515625
"the far future may be awesome to consider , but from period detail to matters of the heart , this film is most transporting when it stays put in the past . ",1,866,POSITIVE,POSITIVE,1,0.9990218877792358,0.004548788070678711,LABEL_1,1,0.9982477426528931,0.008379459381103516,POSITIVE,1,0.9987133741378784,0.01565694808959961
"if the first men in black was money , the second is small change . ",0,559,NEGATIVE,NEGATIVE,0,0.9972752928733826,0.0046846866607666016,LABEL_0,0,0.9732392430305481,0.00833582878112793,NEGATIVE,0,0.9946213960647583,0.014716625213623047
"charles ' entertaining film chronicles seinfeld 's return to stand-up comedy after the wrap of his legendary sitcom , alongside wannabe comic adams ' attempts to get his shot at the big time . ",1,426,POSITIVE,POSITIVE,1,0.9997621178627014,0.0047533512115478516,LABEL_1,1,0.9993805885314941,0.008181095123291016,POSITIVE,1,0.9988319277763367,0.0173037052154541
"if the movie succeeds in instilling a wary sense of ` there but for the grace of god , ' it is far too self-conscious to draw you deeply into its world . ",0,33,NEGATIVE,NEGATIVE,0,0.9486181139945984,0.004593849182128906,LABEL_0,0,0.996306300163269,0.00901651382446289,NEGATIVE,0,0.9979605674743652,0.017288923263549805
"... designed to provide a mix of smiles and tears , `` crossroads '' instead provokes a handful of unintentional howlers and numerous yawns . ",0,31,NEGATIVE,NEGATIVE,0,0.9966211318969727,0.004716634750366211,LABEL_0,0,0.9957776069641113,0.008411407470703125,NEGATIVE,0,0.9995086193084717,0.015401124954223633
"whether you like rap music or loathe it , you ca n't deny either the tragic loss of two young men in the prime of their talent or the power of this movie . ",1,235,POSITIVE,POSITIVE,1,0.9969412684440613,0.004719734191894531,LABEL_1,1,0.9987103939056396,0.008878946304321289,POSITIVE,1,0.9987826943397522,0.018324613571166992
"with tightly organized efficiency , numerous flashbacks and a constant edge of tension , miller 's film is one of 2002 's involvingly adult surprises . ",1,381,POSITIVE,POSITIVE,1,0.999751627445221,0.004578113555908203,LABEL_1,1,0.9996908903121948,0.008514404296875,POSITIVE,1,0.9989104270935059,0.018164396286010742
the minor figures surrounding ( bobby ) ... form a gritty urban mosaic . ,1,507,POSITIVE,POSITIVE,1,0.9996273517608643,0.004612445831298828,LABEL_1,1,0.9992585778236389,0.008271455764770508,POSITIVE,1,0.9986995458602905,0.015545368194580078
"vera 's three actors -- mollà , gil and bardem -- excel in insightful , empathetic performances . ",1,723,POSITIVE,POSITIVE,1,0.9998769760131836,0.00458216667175293,LABEL_1,1,0.9997228980064392,0.008649110794067383,POSITIVE,1,0.998885452747345,0.015116453170776367
it 's great escapist fun that recreates a place and time that will never happen again . ,1,109,POSITIVE,POSITIVE,1,0.9998679161071777,0.004679203033447266,LABEL_1,1,0.9997307658195496,0.008079767227172852,POSITIVE,1,0.9988908171653748,0.015713930130004883
the son 's room is a triumph of gentility that earns its moments of pathos . ,1,77,POSITIVE,POSITIVE,1,0.9998049139976501,0.004603385925292969,LABEL_1,1,0.9991436004638672,0.008695840835571289,POSITIVE,1,0.9988202452659607,0.01577162742614746
"but the power of these ( subjects ) is obscured by the majority of the film that shows a stationary camera on a subject that could be mistaken for giving a public oration , rather than contributing to a film 's narrative . ",0,804,NEGATIVE,NEGATIVE,0,0.9990081191062927,0.005114555358886719,LABEL_0,0,0.9945782423019409,0.008663415908813477,NEGATIVE,0,0.9994555115699768,0.017029762268066406
it 's one pussy-ass world when even killer-thrillers revolve around group therapy sessions . ,0,82,NEGATIVE,NEGATIVE,0,0.9215109348297119,0.0047414302825927734,LABEL_0,0,0.9901156425476074,0.00837850570678711,NEGATIVE,0,0.995509147644043,0.015259265899658203
stealing harvard aspires to comedic grand larceny but stands convicted of nothing more than petty theft of your time . ,0,357,NEGATIVE,NEGATIVE,0,0.992774486541748,0.005021095275878906,LABEL_0,0,0.9931446313858032,0.008697271347045898,NEGATIVE,0,0.9994916915893555,0.015717744827270508
light years / several warp speeds / levels and levels of dilithium crystals better than the pitiful insurrection . ,1,495,POSITIVE,POSITIVE,1,0.9293974041938782,0.004760026931762695,LABEL_1,1,0.9887890219688416,0.00872182846069336,POSITIVE,1,0.9956399202346802,0.015569925308227539
"the director knows how to apply textural gloss , but his portrait of sex-as-war is strictly sitcom . ",0,596,NEGATIVE,NEGATIVE,0,0.9953542947769165,0.004540443420410156,LABEL_0,0,0.9217837452888489,0.008508920669555664,NEGATIVE,0,0.9994863271713257,0.015359878540039062
"so , too , is this comedy about mild culture clashing in today 's new delhi . ",1,196,POSITIVE,POSITIVE,1,0.9935731291770935,0.004380464553833008,LABEL_1,1,0.9938430786132812,0.008502483367919922,POSITIVE,1,0.9966502785682678,0.015799522399902344
"deliriously funny , fast and loose , accessible to the uninitiated , and full of surprises ",1,290,POSITIVE,POSITIVE,1,0.9998041987419128,0.004534721374511719,LABEL_1,1,0.9997361302375793,0.008819580078125,POSITIVE,1,0.9988760352134705,0.015482902526855469
filmmakers who can deftly change moods are treasures and even marvels . ,1,679,POSITIVE,POSITIVE,1,0.9997778534889221,0.004862308502197266,LABEL_1,1,0.9994086027145386,0.008716821670532227,POSITIVE,1,0.9987057447433472,0.015505075454711914
"although laced with humor and a few fanciful touches , the film is a refreshingly serious look at young women . ",1,5,POSITIVE,POSITIVE,1,0.9998290538787842,0.004761219024658203,LABEL_1,1,0.9996365308761597,0.008757591247558594,POSITIVE,1,0.9988848567008972,0.014775991439819336
so devoid of any kind of intelligible story that it makes films like xxx and collateral damage seem like thoughtful treatises ,0,54,NEGATIVE,NEGATIVE,0,0.9991016387939453,0.005073070526123047,LABEL_0,0,0.9978955984115601,0.009052038192749023,NEGATIVE,0,0.9995037317276001,0.015365839004516602
"the film is beautifully mounted , but , more to the point , the issues are subtly presented , managing to walk a fine line with regard to the question of joan 's madness . ",1,664,POSITIVE,POSITIVE,1,0.9996380805969238,0.004747152328491211,LABEL_1,1,0.9992613196372986,0.008821964263916016,POSITIVE,1,0.9988351464271545,0.016005277633666992
makes for a pretty unpleasant viewing experience . ,0,606,NEGATIVE,NEGATIVE,0,0.9993359446525574,0.004224061965942383,LABEL_0,0,0.9988961219787598,0.00899815559387207,NEGATIVE,0,0.9994901418685913,0.016183853149414062
late marriage 's stiffness is unlikely to demonstrate the emotional clout to sweep u.s. viewers off their feet . ,0,824,NEGATIVE,NEGATIVE,0,0.9953138828277588,0.004804372787475586,LABEL_0,0,0.9978152513504028,0.008013725280761719,NEGATIVE,0,0.9994322657585144,0.015480995178222656
"no sophomore slump for director sam mendes , who segues from oscar winner to oscar-winning potential with a smooth sleight of hand . ",1,97,POSITIVE,POSITIVE,1,0.9947522878646851,0.0046274662017822266,LABEL_1,1,0.9989120960235596,0.008377313613891602,POSITIVE,1,0.9988887906074524,0.01662302017211914
"it 's too self-important and plodding to be funny , and too clipped and abbreviated to be an epic . ",0,836,NEGATIVE,NEGATIVE,0,0.9997395873069763,0.004827260971069336,LABEL_0,0,0.9985485672950745,0.008128881454467773,NEGATIVE,0,0.9995019435882568,0.015018939971923828
collateral damage finally delivers the goods for schwarzenegger fans . ,1,834,POSITIVE,POSITIVE,1,0.9983727931976318,0.004614353179931641,LABEL_1,1,0.9951710104942322,0.008397102355957031,POSITIVE,1,0.9983421564102173,0.01538538932800293
"... mafia , rap stars and hood rats butt their ugly heads in a regurgitation of cinematic violence that gives brutal birth to an unlikely , but likable , hero . ' ",1,847,POSITIVE,POSITIVE,1,0.5248814821243286,0.004814863204956055,LABEL_1,1,0.9808568954467773,0.008394002914428711,POSITIVE,1,0.9986263513565063,0.01722550392150879
detox is ultimately a pointless endeavor . ,0,490,NEGATIVE,NEGATIVE,0,0.9998119473457336,0.00444793701171875,LABEL_0,0,0.9989579916000366,0.008172988891601562,NEGATIVE,0,0.999496340751648,0.015862464904785156
"nicks , seemingly uncertain what 's going to make people laugh , runs the gamut from stale parody to raunchy sex gags to formula romantic comedy . ",0,25,NEGATIVE,NEGATIVE,0,0.9996476173400879,0.0047152042388916016,LABEL_0,0,0.9927692413330078,0.008470535278320312,NEGATIVE,0,0.9994937181472778,0.016894817352294922
"the band 's courage in the face of official repression is inspiring , especially for aging hippies ( this one included ) . ",1,84,POSITIVE,POSITIVE,1,0.9997909665107727,0.005061149597167969,LABEL_1,1,0.9990185499191284,0.008333683013916016,POSITIVE,1,0.9988032579421997,0.01579904556274414
the mesmerizing performances of the leads keep the film grounded and keep the audience riveted . ,1,10,POSITIVE,POSITIVE,1,0.9998838901519775,0.0045566558837890625,LABEL_1,1,0.9996545314788818,0.00867605209350586,POSITIVE,1,0.9988948702812195,0.014932632446289062
"all that 's missing is the spontaneity , originality and delight . ",0,218,NEGATIVE,NEGATIVE,0,0.8283109068870544,0.004884958267211914,LABEL_0,0,0.5171056389808655,0.00915074348449707,POSITIVE,1,0.9540078043937683,0.01518559455871582
"portentous and pretentious , the weight of water is appropriately titled , given the heavy-handedness of it drama . ",0,365,NEGATIVE,NEGATIVE,0,0.9917422533035278,0.004667520523071289,LABEL_0,0,0.9431190490722656,0.008287906646728516,NEGATIVE,0,0.9994414448738098,0.015229940414428711
"outer-space buffs might love this film , but others will find its pleasures intermittent . ",0,405,NEGATIVE,POSITIVE,1,0.7707610726356506,0.004664421081542969,LABEL_0,0,0.7890210747718811,0.008092641830444336,NEGATIVE,0,0.9985596537590027,0.015251636505126953
"offers very little genuine romance and even fewer laughs ... a sad sitcom of a movie , largely devoid of charm . ",0,576,NEGATIVE,NEGATIVE,0,0.9997960925102234,0.004467010498046875,LABEL_0,0,0.9992589354515076,0.008457183837890625,NEGATIVE,0,0.9995080232620239,0.01550602912902832
every nanosecond of the the new guy reminds you that you could be doing something else far more pleasurable . ,0,118,NEGATIVE,POSITIVE,1,0.9873793125152588,0.004582881927490234,LABEL_1,1,0.9964358806610107,0.009077787399291992,NEGATIVE,0,0.9992600083351135,0.015562057495117188
"suffocated by its fussy script and uptight characters , this musty adaptation is all the more annoying since it 's been packaged and sold back to us by hollywood . ",0,730,NEGATIVE,NEGATIVE,0,0.9997811913490295,0.004763603210449219,LABEL_0,0,0.9992702603340149,0.00868678092956543,NEGATIVE,0,0.9995042085647583,0.016629934310913086
its well of thorn and vinegar ( and simple humanity ) has long been plundered by similar works featuring the insight and punch this picture so conspicuously lacks . ,0,296,NEGATIVE,NEGATIVE,0,0.9996036887168884,0.00476527214050293,LABEL_0,0,0.9958277344703674,0.011415719985961914,NEGATIVE,0,0.9995040893554688,0.01687765121459961
i had to look away - this was god awful . ,0,29,NEGATIVE,NEGATIVE,0,0.9970059990882874,0.004715681076049805,LABEL_0,0,0.9953385591506958,0.013508319854736328,NEGATIVE,0,0.9994920492172241,0.01641058921813965
"drops you into a dizzying , volatile , pressure-cooker of a situation that quickly snowballs out of control , while focusing on the what much more than the why . ",1,673,POSITIVE,NEGATIVE,0,0.9415315389633179,0.0047991275787353516,LABEL_0,0,0.9330998659133911,0.014867782592773438,POSITIVE,1,0.9988238215446472,0.018170595169067383
it all adds up to good fun . ,1,393,POSITIVE,POSITIVE,1,0.9998838901519775,0.004415750503540039,LABEL_1,1,0.9996358156204224,0.014445304870605469,POSITIVE,1,0.9988275170326233,0.01599884033203125
"at its best , queen is campy fun like the vincent price horror classics of the '60s . ",1,286,POSITIVE,POSITIVE,1,0.9998302459716797,0.004691600799560547,LABEL_1,1,0.9990332126617432,0.011788129806518555,POSITIVE,1,0.9986101388931274,0.015769243240356445
to say this was done better in wilder 's some like it hot is like saying the sun rises in the east . ,0,211,NEGATIVE,NEGATIVE,0,0.9854885935783386,0.004626274108886719,LABEL_0,0,0.989062488079071,0.008755683898925781,NEGATIVE,0,0.9925711750984192,0.015152215957641602
"when the film ended , i felt tired and drained and wanted to lie on my own deathbed for a while . ",0,774,NEGATIVE,NEGATIVE,0,0.9994418025016785,0.004629373550415039,LABEL_0,0,0.9905014038085938,0.008594751358032227,NEGATIVE,0,0.9988663196563721,0.016187429428100586
"green might want to hang onto that ski mask , as robbery may be the only way to pay for his next project . ",0,81,NEGATIVE,NEGATIVE,0,0.9996427297592163,0.0048143863677978516,LABEL_0,0,0.9946624636650085,0.008262872695922852,NEGATIVE,0,0.9910022616386414,0.01593184471130371
a film about a young man finding god that is accessible and touching to the marrow . ,1,767,POSITIVE,POSITIVE,1,0.9997643828392029,0.004663944244384766,LABEL_1,1,0.9995712637901306,0.008318185806274414,POSITIVE,1,0.998875081539154,0.021360158920288086
this flick is about as cool and crowd-pleasing as a documentary can get . ,1,626,POSITIVE,NEGATIVE,0,0.9124580025672913,0.004721641540527344,LABEL_0,0,0.993126392364502,0.008548974990844727,POSITIVE,1,0.998719334602356,0.01791977882385254
"although huppert 's intensity and focus has a raw exhilaration about it , the piano teacher is anything but fun . ",0,544,NEGATIVE,POSITIVE,1,0.9996566772460938,0.004789113998413086,LABEL_1,1,0.997002899646759,0.008662700653076172,NEGATIVE,0,0.9995054006576538,0.01644134521484375
"despite its title , punch-drunk love is never heavy-handed . ",1,398,POSITIVE,POSITIVE,1,0.9991305470466614,0.00458836555480957,LABEL_1,1,0.9985994696617126,0.008630514144897461,POSITIVE,1,0.9986679553985596,0.01603555679321289
"movie fans , get ready to take off ... the other direction . ",0,764,NEGATIVE,POSITIVE,1,0.9968509078025818,0.0046923160552978516,LABEL_1,1,0.9964548349380493,0.008471012115478516,NEGATIVE,0,0.9991982579231262,0.017331600189208984
i 'll bet the video game is a lot more fun than the film . ,0,312,NEGATIVE,POSITIVE,1,0.9977486729621887,0.004935741424560547,LABEL_1,1,0.9405283331871033,0.008216619491577148,NEGATIVE,0,0.9980883002281189,0.016407489776611328
a beguiling splash of pastel colors and prankish comedy from disney . ,1,326,POSITIVE,POSITIVE,1,0.9994012117385864,0.004433155059814453,LABEL_1,1,0.9995988011360168,0.008639097213745117,POSITIVE,1,0.9987117052078247,0.016028881072998047
a romantic comedy enriched by a sharp eye for manners and mores . ,1,523,POSITIVE,POSITIVE,1,0.9998592138290405,0.00464320182800293,LABEL_1,1,0.9996755123138428,0.008840322494506836,POSITIVE,1,0.9989030361175537,0.015473365783691406
made with no discernible craft and monstrously sanctimonious in dealing with childhood loss . ,0,745,NEGATIVE,NEGATIVE,0,0.9997593760490417,0.0046613216400146484,LABEL_0,0,0.998386025428772,0.008597612380981445,NEGATIVE,0,0.999467670917511,0.016329288482666016
"the humor is forced and heavy-handed , and occasionally simply unpleasant . ",0,368,NEGATIVE,NEGATIVE,0,0.9996163845062256,0.004933595657348633,LABEL_0,0,0.9968288540840149,0.010651826858520508,NEGATIVE,0,0.9994915723800659,0.015493631362915039
not since tom cruise in risky business has an actor made such a strong impression in his underwear . ,1,697,POSITIVE,POSITIVE,1,0.8139397501945496,0.004602670669555664,LABEL_0,0,0.7089996337890625,0.009029388427734375,POSITIVE,1,0.9982972741127014,0.016097545623779297
"while the ideas about techno-saturation are far from novel , they 're presented with a wry dark humor . ",1,425,POSITIVE,POSITIVE,1,0.9995916485786438,0.004688739776611328,LABEL_1,1,0.9984472393989563,0.008923053741455078,POSITIVE,1,0.998422384262085,0.02575826644897461
"thanks to haynes ' absolute control of the film 's mood , and buoyed by three terrific performances , far from heaven actually pulls off this stylistic juggling act . ",1,473,POSITIVE,POSITIVE,1,0.999539852142334,0.0047070980072021484,LABEL_1,1,0.9996659755706787,0.008298635482788086,POSITIVE,1,0.998916506767273,0.02559351921081543
"may be far from the best of the series , but it 's assured , wonderfully respectful of its past and thrilling enough to make it abundantly clear that this movie phenomenon has once again reinvented itself for a new generation . ",1,758,POSITIVE,POSITIVE,1,0.9998739957809448,0.004660367965698242,LABEL_1,1,0.9995753169059753,0.008578062057495117,POSITIVE,1,0.9989225268363953,0.017162084579467773
the film 's welcome breeziness and some unbelievably hilarious moments -- most portraying the idiocy of the film industry -- make it mostly worth the trip . ,1,858,POSITIVE,POSITIVE,1,0.9998658895492554,0.004966020584106445,LABEL_1,1,0.9995206594467163,0.008432865142822266,POSITIVE,1,0.9988964796066284,0.01662135124206543
"nelson 's brutally unsentimental approach ... sucks the humanity from the film , leaving behind an horrific but weirdly unemotional spectacle . ",0,750,NEGATIVE,NEGATIVE,0,0.9884506464004517,0.004972934722900391,LABEL_0,0,0.9585486054420471,0.008923768997192383,NEGATIVE,0,0.9985944628715515,0.01599287986755371
"a coda in every sense , the pinochet case splits time between a minute-by-minute account of the british court 's extradition chess game and the regime 's talking-head survivors . ",1,266,POSITIVE,NEGATIVE,0,0.9948379397392273,0.004815340042114258,LABEL_0,0,0.8471664190292358,0.008589029312133789,NEGATIVE,0,0.9538209438323975,0.018221378326416016
` easily my choice for one of the year 's best films . ' ,1,360,POSITIVE,POSITIVE,1,0.9997192025184631,0.004368305206298828,LABEL_1,1,0.9991825222969055,0.00892782211303711,POSITIVE,1,0.9986328482627869,0.015791893005371094
"a spellbinding african film about the modern condition of rootlessness , a state experienced by millions around the globe . ",1,816,POSITIVE,POSITIVE,1,0.9992035031318665,0.004695415496826172,LABEL_1,1,0.9994823932647705,0.009033918380737305,POSITIVE,1,0.9988517761230469,0.016395092010498047
or doing last year 's taxes with your ex-wife . ,0,7,NEGATIVE,NEGATIVE,0,0.9917595982551575,0.004815340042114258,LABEL_0,0,0.9940721392631531,0.008944988250732422,NEGATIVE,0,0.9877024292945862,0.017626523971557617
"impostor has a handful of thrilling moments and a couple of good performances , but the movie does n't quite fly . ",0,851,NEGATIVE,NEGATIVE,0,0.9991422891616821,0.004991054534912109,LABEL_0,0,0.9963433146476746,0.008384943008422852,POSITIVE,1,0.9861313104629517,0.01699042320251465
a nightmare date with a half-formed wit done a great disservice by a lack of critical distance and a sad trust in liberal arts college bumper sticker platitudes . ,0,155,NEGATIVE,NEGATIVE,0,0.9992893934249878,0.0047986507415771484,LABEL_0,0,0.9991649389266968,0.00879526138305664,NEGATIVE,0,0.9995037317276001,0.017137765884399414
the chateau cleverly probes the cross-cultural differences between gauls and yanks . ,1,331,POSITIVE,POSITIVE,1,0.9996032118797302,0.004625082015991211,LABEL_1,1,0.9994683861732483,0.008614063262939453,POSITIVE,1,0.9988422989845276,0.015334129333496094
"his last movie was poetically romantic and full of indelible images , but his latest has nothing going for it . ",0,101,NEGATIVE,NEGATIVE,0,0.9975209832191467,0.004620790481567383,LABEL_0,0,0.9984999895095825,0.008480072021484375,NEGATIVE,0,0.9995110034942627,0.01571202278137207
"at its worst , it implodes in a series of very bad special effects . ",0,380,NEGATIVE,NEGATIVE,0,0.9998109936714172,0.004942178726196289,LABEL_0,0,0.9993128776550293,0.00832056999206543,NEGATIVE,0,0.9995073080062866,0.01569533348083496
chokes on its own depiction of upper-crust decorum . ,0,281,NEGATIVE,NEGATIVE,0,0.9997203946113586,0.0044171810150146484,LABEL_0,0,0.9978758096694946,0.008529186248779297,NEGATIVE,0,0.9994932413101196,0.015680789947509766
"displaying about equal amounts of naiveté , passion and talent , beneath clouds establishes sen as a filmmaker of considerable potential . ",1,359,POSITIVE,POSITIVE,1,0.999652624130249,0.004824638366699219,LABEL_1,1,0.9993219375610352,0.008421182632446289,POSITIVE,1,0.9984325766563416,0.015852689743041992
